-- Creating the Customer table
CREATE TABLE Customer (
    CustomerID INTEGER PRIMARY KEY,
    Name VARCHAR(100) NOT NULL,
    Address VARCHAR(255),
    Contact VARCHAR(50),
    Username VARCHAR(50) UNIQUE NOT NULL,
    Password VARCHAR(255) NOT NULL
);

-- Creating the Account table
CREATE TABLE Account (
    AccountID INTEGER PRIMARY KEY,
    CustomerID INTEGER,
    ProductType VARCHAR(50),
    ProductCategory VARCHAR(50),
    Balance DECIMAL(15, 2) NOT NULL,
    FOREIGN KEY (CustomerID) REFERENCES Customer(CustomerID)
);

-- Creating the Transactions table
CREATE TABLE Transactions (
    TransactionID INTEGER PRIMARY KEY,
    AccountID INTEGER,
    Type VARCHAR(50) NOT NULL,
    Amount DECIMAL(15, 2) NOT NULL,
    Timestamp DATETIME NOT NULL,
    FOREIGN KEY (AccountID) REFERENCES Account(AccountID)
);

-- Creating the Beneficiary table
CREATE TABLE Beneficiary (
    BeneficiaryID INTEGER PRIMARY KEY,
    CustomerID INTEGER,
    AccountNumber VARCHAR(50) NOT NULL,
    BankName VARCHAR(255),
    FOREIGN KEY (CustomerID) REFERENCES Customer(CustomerID)
);

INSERT INTO Customer (CustomerID, Name, Address, Contact, Username, Password) VALUES
(1, 'John Doe', '123 Main St, Springfield, IL 62701', '555-0101', 'johndoe', 'hashed_password1'),
(2, 'Jane Smith', '456 Oak Ave, Boulder, CO 80302', '555-0102', 'janesmith', 'hashed_password2'),
(3, 'Alice Johnson', '789 Pine Rd, Asheville, NC 28801', '555-0103', 'alicej', 'hashed_password3'),
(4, 'Bob Wilson', '321 Elm St, Portland, OR 97201', '555-0104', 'bobwilson', 'hashed_password4'),
(5, 'Sarah Brown', '654 Birch Ave, Boise, ID 83702', '555-0105', 'sarahb', 'hashed_password5'),
(6, 'Mike Davis', '987 Cedar Rd, Tucson, AZ 85701', '555-0106', 'miked', 'hashed_password6'),
(7, 'Emily Clark', '147 Maple St, Savannah, GA 31401', '555-0107', 'emilyc', 'hashed_password7'),
(8, 'Tom Harris', '258 Oak Lane, Burlington, VT 05401', '555-0108', 'tomh', 'hashed_password8'),
(9, 'Lisa White', '369 Pine Ave, Santa Fe, NM 87501', '555-0109', 'lisaw', 'hashed_password9'),
(10, 'David Lee', '741 Elm Rd, Madison, WI 53703', '555-0110', 'davidl', 'hashed_password10'),
(11, 'Emma Taylor', '852 Birch St, Eugene, OR 97401', '555-0111', 'emmat', 'hashed_password11'),
(12, 'James Brown', '963 Cedar Ave, Chattanooga, TN 37402', '555-0112', 'jamesb', 'hashed_password12'),
(13, 'Olivia Davis', '159 Maple Rd, Ann Arbor, MI 48104', '555-0113', 'oliviad', 'hashed_password13'),
(14, 'William Wilson', '753 Oak St, Lincoln, NE 68502', '555-0114', 'williamw', 'hashed_password14'),
(15, 'Sophia Moore', '456 Pine Ave, Flagstaff, AZ 86001', '555-0115', 'sophiam', 'hashed_password15'),
(16, 'Michael Clark', '789 Elm Rd, Raleigh, NC 27601', '555-0116', 'michaelc', 'hashed_password16'),
(17, 'Ava Lewis', '123 Birch St, Spokane, WA 99201', '555-0117', 'aval', 'hashed_password17'),
(18, 'Ethan Walker', '654 Cedar Ave, Des Moines, IA 50309', '555-0118', 'ethanw', 'hashed_password18'),
(19, 'Isabella Hall', '987 Maple Rd, Omaha, NE 68102', '555-0119', 'isabellah', 'hashed_password19'),
(20, 'Alexander Allen', '147 Oak St, Rochester, NY 14604', '555-0120', 'alexa', 'hashed_password20'),
(21, 'Mia Young', '258 Pine Ave, Charleston, SC 29401', '555-0121', 'miay', 'hashed_password21'),
(22, 'Daniel King', '369 Elm Rd, Columbus, OH 43215', '555-0122', 'danielk', 'hashed_password22'),
(23, 'Charlotte Wright', '741 Birch St, Durham, NC 27701', '555-0123', 'charlottew', 'hashed_password23'),
(24, 'Henry Scott', '852 Cedar Ave, Lexington, KY 40502', '555-0124', 'henrys', 'hashed_password24'),
(25, 'Amelia Green', '963 Maple Rd, Albuquerque, NM 87102', '555-0125', 'ameliag', 'hashed_password25'),
(26, 'Lucas Adams', '123 Oak St, Salem, OR 97301', '555-0200', 'lucasa', 'hashed_password26'),
(27, 'Harper Baker', '456 Elm Ave, Austin, TX 78701', '555-0201', 'harperb', 'hashed_password27'),
(28, 'Mason Carter', '789 Cedar St, Seattle, WA 98101', '555-0202', 'masonc', 'hashed_password28'),
(29, 'Evelyn Mitchell', '321 Pine Rd, Denver, CO 80203', '555-0203', 'evelynm', 'hashed_password29'),
(30, 'Logan Perez', '654 Maple Ave, Miami, FL 33130', '555-0204', 'loganp', 'hashed_password30'),
(31, 'Aria Roberts', '987 Birch St, Phoenix, AZ 85003', '555-0205', 'ariar', 'hashed_password31'),
(32, 'Jackson Turner', '147 Cedar Rd, Atlanta, GA 30303', '555-0206', 'jacksont', 'hashed_password32'),
(33, 'Sofia Phillips', '258 Elm St, Chicago, IL 60601', '555-0207', 'sofiap', 'hashed_password33'),
(34, 'Liam Campbell', '369 Oak Ave, Boston, MA 02108', '555-0208', 'liamc', 'hashed_password34'),
(35, 'Chloe Parker', '741 Pine Rd, San Diego, CA 92101', '555-0209', 'chloep', 'hashed_password35'),
(36, 'Noah Evans', '852 Maple St, Houston, TX 77002', '555-0210', 'noahe', 'hashed_password36'),
(37, 'Grace Edwards', '963 Cedar Ave, San Francisco, CA 94102', '555-0211', 'gracee', 'hashed_password37'),
(38, 'Oliver Collins', '123 Birch Rd, Philadelphia, PA 19103', '555-0212', 'oliverc', 'hashed_password38'),
(39, 'Lily Stewart', '456 Elm St, Nashville, TN 37203', '555-0213', 'lilys', 'hashed_password39'),
(40, 'Elijah Morris', '789 Oak Ave, Charlotte, NC 28202', '555-0214', 'elijahm', 'hashed_password40'),
(41, 'Avery Rogers', '321 Cedar Rd, Indianapolis, IN 46202', '555-0215', 'averyr', 'hashed_password41'),
(42, 'Scarlett Reed', '654 Pine St, Jacksonville, FL 32202', '555-0216', 'scarlettr', 'hashed_password42'),
(43, 'Jacob Cook', '987 Maple Ave, Columbus, OH 43215', '555-0217', 'jacobc', 'hashed_password43'),
(44, 'Layla Bailey', '147 Birch Rd, Louisville, KY 40202', '555-0218', 'laylab', 'hashed_password44'),
(45, 'Benjamin Rivera', '258 Elm St, Oklahoma City, OK 73102', '555-0219', 'benjaminr', 'hashed_password45'),
(46, 'Zoe Cooper', '369 Oak Ave, Kansas City, MO 64106', '555-0220', 'zoec', 'hashed_password46'),
(47, 'Luke Ward', '741 Cedar St, Milwaukee, WI 53202', '555-0221', 'lukew', 'hashed_password47'),
(48, 'Ella Brooks', '852 Pine Rd, Memphis, TN 38103', '555-0222', 'ellab', 'hashed_password48'),
(49, 'Gabriel Cox', '963 Maple Ave, Baltimore, MD 21202', '555-0223', 'gabrielc', 'hashed_password49'),
(50, 'Hannah Howard', '123 Elm St, Cleveland, OH 44113', '555-0224', 'hannahh', 'hashed_password50'),
(51, 'Julian Gray', '456 Cedar Rd, Pittsburgh, PA 15219', '555-0225', 'juliang', 'hashed_password51'),
(52, 'Victoria Ross', '789 Birch Ave, St. Louis, MO 63101', '555-0226', 'victoriar', 'hashed_password52'),
(53, 'Owen Ford', '321 Oak St, Cincinnati, OH 45202', '555-0227', 'owenf', 'hashed_password53'),
(54, 'Lila Hughes', '654 Maple Rd, Tampa, FL 33602', '555-0228', 'lilah', 'hashed_password54'),
(55, 'Caleb Price', '987 Elm Ave, Orlando, FL 32801', '555-0229', 'calebp', 'hashed_password55'),
(56, 'Audrey Myers', '147 Cedar St, Sacramento, CA 95814', '555-0230', 'audreym', 'hashed_password56'),
(57, 'Isaac Foster', '258 Pine Rd, Richmond, VA 23219', '555-0231', 'isaacf', 'hashed_password57'),
(58, 'Ellie Barnes', '369 Birch Ave, Providence, RI 02903', '555-0232', 'ellieb', 'hashed_password58'),
(59, 'Nathan Fisher', '741 Oak St, Salt Lake City, UT 84101', '555-0233', 'nathanf', 'hashed_password59'),
(60, 'Penelope Hunt', '852 Cedar Rd, Boise, ID 83702', '555-0234', 'penelopeh', 'hashed_password60'),
(61, 'Levi Gordon', '963 Maple Ave, Anchorage, AK 99501', '555-0235', 'levig', 'hashed_password61'),
(62, 'Stella Murray', '123 Elm Rd, Honolulu, HI 96813', '555-0236', 'stellam', 'hashed_password62'),
(63, 'Connor Stone', '456 Pine St, Birmingham, AL 35203', '555-0237', 'connors', 'hashed_password63'),
(64, 'Violet Dean', '789 Cedar Ave, Jackson, MS 39201', '555-0238', 'violetd', 'hashed_password64'),
(65, 'Wyatt Hayes', '321 Birch Rd, Fargo, ND 58102', '555-0239', 'wyatth', 'hashed_password65'),
(66, 'Addison Fox', '654 Oak St, Sioux Falls, SD 57104', '555-0240', 'addisonf', 'hashed_password66'),
(67, 'Lincoln Perry', '987 Maple Ave, Billings, MT 59101', '555-0241', 'lincolnp', 'hashed_password67'),
(68, 'Paisley Dunn', '147 Elm Rd, Manchester, NH 03101', '555-0242', 'paisleyd', 'hashed_password68'),
(69, 'Eli Hudson', '258 Cedar St, Cheyenne, WY 82001', '555-0243', 'elih', 'hashed_password69'),
(70, 'Aurora Hart', '369 Pine Ave, Wilmington, DE 19801', '555-0244', 'aurorah', 'hashed_password70'),
(71, 'Asher Wells', '741 Oak Rd, Little Rock, AR 72201', '555-0245', 'asherw', 'hashed_password71'),
(72, 'Hazel Silva', '852 Maple St, Charleston, WV 25301', '555-0246', 'hazels', 'hashed_password72'),
(73, 'Ezra Ortiz', '963 Birch Ave, Augusta, ME 04330', '555-0247', 'ezrao', 'hashed_password73'),
(74, 'Nova Harper', '123 Cedar Rd, Trenton, NJ 08608', '555-0248', 'novah', 'hashed_password74'),
(75, 'Miles Tucker', '456 Elm St, Lansing, MI 48933', '555-0249', 'milest', 'hashed_password75'),
(76, 'Clara Dixon', '789 Pine Rd, Harrisburg, PA 17101', '555-0250', 'clarad', 'hashed_password76'),
(77, 'Roman Berry', '321 Oak Ave, Olympia, WA 98501', '555-0251', 'romanb', 'hashed_password77'),
(78, 'Ivy Sullivan', '654 Cedar St, Jefferson City, MO 65101', '555-0252', 'ivys', 'hashed_password78'),
(79, 'Jasper Cole', '987 Birch Rd, Albany, NY 12207', '555-0253', 'jasperc', 'hashed_password79'),
(80, 'Luna Woods', '147 Maple Ave, Hartford, CT 06103', '555-0254', 'lunaw', 'hashed_password80'),
(81, 'Finn Russell', '258 Elm St, Dover, DE 19901', '555-0255', 'finnr', 'hashed_password81'),
(82, 'Esme Bryant', '369 Cedar Rd, Topeka, KS 66603', '555-0256', 'esmeb', 'hashed_password82'),
(83, 'Milo Pierce', '741 Pine Ave, Madison, WI 53703', '555-0257', 'milop', 'hashed_password83'),
(84, 'Freya Lane', '852 Oak St, Lincoln, NE 68502', '555-0258', 'freyal', 'hashed_password84'),
(85, 'Theo Knight', '963 Maple Rd, Raleigh, NC 27601', '555-0259', 'theok', 'hashed_password85'),
(86, 'Cora Walsh', '123 Birch Ave, Austin, TX 78701', '555-0260', 'coraw', 'hashed_password86'),
(87, 'Felix Grant', '456 Cedar St, Denver, CO 80203', '555-0261', 'felixg', 'hashed_password87'),
(88, 'Iris Reid', '789 Elm Rd, Phoenix, AZ 85003', '555-0262', 'irisr', 'hashed_password88'),
(89, 'Jude Fox', '321 Pine St, Atlanta, GA 30303', '555-0263', 'judef', 'hashed_password89'),
(90, 'Lydia Porter', '654 Oak Ave, Chicago, IL 60601', '555-0264', 'lydiap', 'hashed_password90'),
(91, 'Silas Webb', '987 Cedar Rd, Boston, MA 02108', '555-0265', 'silasw', 'hashed_password91'),
(92, 'June Ellis', '147 Birch St, San Diego, CA 92101', '555-0266', 'junee', 'hashed_password92'),
(93, 'Arlo Dunn', '258 Maple Ave, Houston, TX 77002', '555-0267', 'arlod', 'hashed_password93'),
(94, 'Maeve Burke', '369 Elm Rd, San Francisco, CA 94102', '555-0268', 'maeveb', 'hashed_password94'),
(95, 'Otto Henry', '741 Pine St, Philadelphia, PA 19103', '555-0269', 'ottoh', 'hashed_password95'),
(96, 'Eliza Ford', '852 Cedar Ave, Nashville, TN 37203', '555-0270', 'elizaf', 'hashed_password96'),
(97, 'Remy Shaw', '963 Oak Rd, Charlotte, NC 28202', '555-0271', 'remys', 'hashed_password97'),
(98, 'Sienna Bates', '123 Maple St, Indianapolis, IN 46202', '555-0272', 'siennab', 'hashed_password98'),
(99, 'Declan Rice', '456 Birch Ave, Jacksonville, FL 32202', '555-0273', 'declanr', 'hashed_password99'),
(100, 'Eloise Day', '789 Elm St, Columbus, OH 43215', '555-0274', 'eloised', 'hashed_password100');

-- Inserting 200 sample accounts
INSERT INTO Account (AccountID, CustomerID, ProductType, ProductCategory, Balance) VALUES
(101, 1, 'Deposit', 'Savings', 5000.00),
(102, 1, 'Deposit', 'Current', 2000.00),
(103, 2, 'Deposit', 'Savings', 7500.00),
(104, 3, 'Deposit', 'Current', 3000.00),
(105, 4, 'Deposit', 'Savings', 4500.00),
(106, 5, 'Deposit', 'Current', 1200.00),
(107, 6, 'Deposit', 'Savings', 8000.00),
(108, 7, 'Deposit', 'Current', 2500.00),
(109, 8, 'Deposit', 'Savings', 6000.00),
(110, 9, 'Deposit', 'Current', 1800.00),
(111, 10, 'Deposit', 'Savings', 7000.00),
(112, 11, 'Deposit', 'Current', 2200.00),
(113, 12, 'Deposit', 'Savings', 5500.00),
(114, 13, 'Deposit', 'Current', 3200.00),
(115, 14, 'Deposit', 'Savings', 4800.00),
(116, 15, 'Deposit', 'Current', 1500.00),
(117, 16, 'Deposit', 'Savings', 8200.00),
(118, 17, 'Deposit', 'Current', 2700.00),
(119, 18, 'Deposit', 'Savings', 6300.00),
(120, 19, 'Deposit', 'Current', 1900.00),
(121, 1, 'Deposit', 'Savings', 3000.00),
(122, 2, 'Deposit', 'Current', 4000.00),
(123, 3, 'Deposit', 'Savings', 6500.00),
(124, 4, 'Loan', 'Home Loan', -15000.00),
(125, 5, 'Loan', 'Car Loan', -8000.00),
(126, 6, 'Deposit', 'Savings', 4200.00),
(127, 7, 'Loan', 'Home Repair', -5000.00),
(128, 8, 'Deposit', 'Current', 3100.00),
(129, 9, 'Loan', 'Studying Loan', -12000.00),
(130, 10, 'Deposit', 'Savings', 5800.00),
(131, 11, 'Loan', 'Household Business', -20000.00),
(132, 12, 'Deposit', 'Current', 2600.00),
(133, 13, 'Deposit', 'Savings', 7200.00),
(134, 14, 'Loan', 'Car Loan', -9000.00),
(135, 15, 'Deposit', 'Savings', 5100.00),
(136, 16, 'Loan', 'Home Loan', -25000.00),
(137, 17, 'Deposit', 'Current', 3400.00),
(138, 18, 'Loan', 'Home Repair', -6000.00),
(139, 19, 'Deposit', 'Savings', 6700.00),
(140, 20, 'Loan', 'Studying Loan', -10000.00),
(141, 21, 'Deposit', 'Current', 2300.00),
(142, 22, 'Deposit', 'Savings', 4900.00),
(143, 23, 'Loan', 'Household Business', -18000.00),
(144, 24, 'Deposit', 'Savings', 5300.00),
(145, 25, 'Loan', 'Car Loan', -7000.00),
(146, 26, 'Deposit', 'Current', 2800.00),
(147, 27, 'Deposit', 'Savings', 7600.00),
(148, 28, 'Loan', 'Home Loan', -20000.00),
(149, 29, 'Deposit', 'Current', 3500.00),
(150, 30, 'Deposit', 'Savings', 6100.00),
(151, 31, 'Loan', 'Home Repair', -5500.00),
(152, 32, 'Deposit', 'Current', 2400.00),
(153, 33, 'Deposit', 'Savings', 6800.00),
(154, 34, 'Loan', 'Studying Loan', -11000.00),
(155, 35, 'Deposit', 'Savings', 4700.00),
(156, 36, 'Loan', 'Car Loan', -8500.00),
(157, 37, 'Deposit', 'Current', 2900.00),
(158, 38, 'Deposit', 'Savings', 5200.00),
(159, 39, 'Loan', 'Household Business', -17000.00),
(160, 40, 'Deposit', 'Savings', 6400.00),
(161, 41, 'Loan', 'Home Loan', -22000.00),
(162, 42, 'Deposit', 'Current', 2700.00),
(163, 43, 'Deposit', 'Savings', 5600.00),
(164, 44, 'Loan', 'Home Repair', -6000.00),
(165, 45, 'Deposit', 'Savings', 7100.00),
(166, 46, 'Loan', 'Car Loan', -9500.00),
(167, 47, 'Deposit', 'Current', 3300.00),
(168, 48, 'Deposit', 'Savings', 5900.00),
(169, 49, 'Loan', 'Studying Loan', -13000.00),
(170, 50, 'Deposit', 'Current', 2600.00),
(171, 1, 'Loan', 'Home Loan', -30000.00),
(172, 2, 'Deposit', 'Savings', 4500.00),
(173, 3, 'Loan', 'Household Business', -15000.00),
(174, 4, 'Deposit', 'Current', 3100.00),
(175, 5, 'Deposit', 'Savings', 6200.00),
(176, 6, 'Loan', 'Car Loan', -10000.00),
(177, 7, 'Deposit', 'Savings', 5300.00),
(178, 8, 'Loan', 'Home Repair', -7000.00),
(179, 9, 'Deposit', 'Current', 2800.00),
(180, 10, 'Deposit', 'Savings', 6900.00),
(181, 11, 'Loan', 'Studying Loan', -14000.00),
(182, 12, 'Deposit', 'Current', 3400.00),
(183, 13, 'Deposit', 'Savings', 5100.00),
(184, 14, 'Loan', 'Home Loan', -26000.00),
(185, 15, 'Deposit', 'Savings', 4700.00),
(186, 16, 'Loan', 'Car Loan', -8000.00),
(187, 17, 'Deposit', 'Current', 2900.00),
(188, 18, 'Deposit', 'Savings', 6500.00),
(189, 19, 'Loan', 'Household Business', -19000.00),
(190, 20, 'Deposit', 'Current', 3600.00),
(191, 21, 'Deposit', 'Savings', 5400.00),
(192, 22, 'Loan', 'Home Repair', -5000.00),
(193, 23, 'Deposit', 'Savings', 7000.00),
(194, 24, 'Loan', 'Studying Loan', -12000.00),
(195, 25, 'Deposit', 'Current', 3200.00),
(196, 26, 'Deposit', 'Savings', 4800.00),
(197, 27, 'Loan', 'Car Loan', -9000.00),
(198, 28, 'Deposit', 'Savings', 5700.00),
(199, 29, 'Loan', 'Home Loan', -23000.00),
(200, 30, 'Deposit', 'Current', 3000.00),
(201, 31, 'Deposit', 'Savings', 6600.00),
(202, 32, 'Loan', 'Household Business', -16000.00),
(203, 33, 'Deposit', 'Current', 3500.00),
(204, 34, 'Deposit', 'Savings', 5200.00),
(205, 35, 'Loan', 'Home Repair', -6000.00),
(206, 36, 'Deposit', 'Savings', 6100.00),
(207, 37, 'Loan', 'Car Loan', -8500.00),
(208, 38, 'Deposit', 'Current', 2800.00),
(209, 39, 'Deposit', 'Savings', 4900.00),
(210, 40, 'Loan', 'Studying Loan', -11000.00),
(211, 41, 'Deposit', 'Savings', 5300.00),
(212, 42, 'Loan', 'Home Loan', -24000.00),
(213, 43, 'Deposit', 'Current', 3100.00),
(214, 44, 'Deposit', 'Savings', 6700.00),
(215, 45, 'Loan', 'Household Business', -17000.00),
(216, 46, 'Deposit', 'Savings', 5500.00),
(217, 47, 'Loan', 'Car Loan', -9500.00),
(218, 48, 'Deposit', 'Current', 3400.00),
(219, 49, 'Deposit', 'Savings', 6000.00),
(220, 50, 'Loan', 'Home Repair', -7000.00),
(221, 51, 'Deposit', 'Savings', 7200.00),
(222, 52, 'Loan', 'Studying Loan', -13000.00),
(223, 53, 'Deposit', 'Current', 2900.00),
(224, 54, 'Deposit', 'Savings', 5100.00),
(225, 55, 'Loan', 'Home Loan', -25000.00),
(226, 56, 'Deposit', 'Savings', 4600.00),
(227, 57, 'Loan', 'Car Loan', -8000.00),
(228, 58, 'Deposit', 'Current', 3300.00),
(229, 59, 'Deposit', 'Savings', 5800.00),
(230, 60, 'Loan', 'Household Business', -18000.00),
(231, 61, 'Deposit', 'Savings', 6400.00),
(232, 62, 'Loan', 'Home Repair', -5500.00),
(233, 63, 'Deposit', 'Current', 3000.00),
(234, 64, 'Deposit', 'Savings', 5200.00),
(235, 65, 'Loan', 'Studying Loan', -12000.00),
(236, 66, 'Deposit', 'Savings', 4700.00),
(237, 67, 'Loan', 'Car Loan', -9000.00),
(238, 68, 'Deposit', 'Current', 3500.00),
(239, 69, 'Deposit', 'Savings', 6100.00),
(240, 70, 'Loan', 'Home Loan', -22000.00),
(241, 71, 'Deposit', 'Savings', 5300.00),
(242, 72, 'Loan', 'Household Business', -15000.00),
(243, 73, 'Deposit', 'Current', 3100.00),
(244, 74, 'Deposit', 'Savings', 6800.00),
(245, 75, 'Loan', 'Home Repair', -6000.00),
(246, 76, 'Deposit', 'Savings', 4900.00),
(247, 77, 'Loan', 'Car Loan', -8500.00),
(248, 78, 'Deposit', 'Current', 3400.00),
(249, 79, 'Deposit', 'Savings', 5700.00),
(250, 80, 'Loan', 'Studying Loan', -11000.00),
(251, 81, 'Deposit', 'Savings', 6200.00),
(252, 82, 'Loan', 'Home Loan', -23000.00),
(253, 83, 'Deposit', 'Current', 3000.00),
(254, 84, 'Deposit', 'Savings', 5400.00),
(255, 85, 'Loan', 'Household Business', -17000.00),
(256, 86, 'Deposit', 'Savings', 5100.00),
(257, 87, 'Loan', 'Car Loan', -9500.00),
(258, 88, 'Deposit', 'Current', 3200.00),
(259, 89, 'Deposit', 'Savings', 5900.00),
(260, 90, 'Loan', 'Home Repair', -7000.00),
(261, 91, 'Deposit', 'Savings', 6500.00),
(262, 92, 'Loan', 'Studying Loan', -13000.00),
(263, 93, 'Deposit', 'Current', 2800.00),
(264, 94, 'Deposit', 'Savings', 5200.00),
(265, 95, 'Loan', 'Home Loan', -24000.00),
(266, 96, 'Deposit', 'Savings', 4700.00),
(267, 97, 'Loan', 'Car Loan', -8000.00),
(268, 98, 'Deposit', 'Current', 3300.00),
(269, 99, 'Deposit', 'Savings', 6000.00),
(270, 100, 'Loan', 'Household Business', -16000.00),
(271, 1, 'Deposit', 'Savings', 5800.00),
(272, 2, 'Loan', 'Home Repair', -5500.00),
(273, 3, 'Deposit', 'Current', 3100.00),
(274, 4, 'Deposit', 'Savings', 6700.00),
(275, 5, 'Loan', 'Studying Loan', -12000.00),
(276, 6, 'Deposit', 'Savings', 4900.00),
(277, 7, 'Loan', 'Car Loan', -9000.00),
(278, 8, 'Deposit', 'Current', 3500.00),
(279, 9, 'Deposit', 'Savings', 5300.00),
(280, 10, 'Loan', 'Home Loan', -25000.00),
(281, 11, 'Deposit', 'Savings', 6100.00),
(282, 12, 'Loan', 'Household Business', -18000.00),
(283, 13, 'Deposit', 'Current', 3400.00),
(284, 14, 'Deposit', 'Savings', 5200.00),
(285, 15, 'Loan', 'Home Repair', -6000.00),
(286, 16, 'Deposit', 'Savings', 5700.00),
(287, 17, 'Loan', 'Car Loan', -8500.00),
(288, 18, 'Deposit', 'Current', 3000.00),
(289, 19, 'Deposit', 'Savings', 6400.00),
(290, 20, 'Loan', 'Studying Loan', -11000.00),
(291, 21, 'Deposit', 'Savings', 5100.00),
(292, 22, 'Loan', 'Home Loan', -23000.00),
(293, 23, 'Deposit', 'Current', 3200.00),
(294, 24, 'Deposit', 'Savings', 5900.00),
(295, 25, 'Loan', 'Household Business', -17000.00),
(296, 26, 'Deposit', 'Savings', 5500.00),
(297, 27, 'Loan', 'Car Loan', -9500.00),
(298, 28, 'Deposit', 'Current', 3100.00),
(299, 29, 'Deposit', 'Savings', 6800.00),
(300, 30, 'Loan', 'Home Repair', -7000.00);

-- Inserting 200 sample transactions
INSERT INTO Transactions (AccountID, Type, Amount, Timestamp) VALUES
(101, 'Deposit', 1000.00, '2025-08-01 10:00:00'),
(101, 'Withdrawal', 500.00, '2025-08-02 14:30:00'),
(102, 'Deposit', 1500.00, '2025-08-03 09:15:00'),
(103, 'Withdrawal', 200.00, '2025-08-04 16:45:00'),
(104, 'Deposit', 800.00, '2025-08-05 11:20:00'),
(105, 'Deposit', 1200.00, '2025-08-06 12:00:00'),
(106, 'Withdrawal', 300.00, '2025-08-07 15:30:00'),
(107, 'Deposit', 2000.00, '2025-08-08 10:45:00'),
(108, 'Withdrawal', 400.00, '2025-08-09 14:15:00'),
(109, 'Deposit', 1100.00, '2025-08-10 09:30:00'),
(110, 'Withdrawal', 600.00, '2025-08-11 16:00:00'),
(111, 'Deposit', 1300.00, '2025-08-12 11:45:00'),
(112, 'Withdrawal', 700.00, '2025-08-13 13:20:00'),
(113, 'Deposit', 900.00, '2025-08-14 10:10:00'),
(114, 'Withdrawal', 200.00, '2025-08-15 15:50:00'),
(115, 'Deposit', 1400.00, '2025-08-16 12:30:00'),
(116, 'Withdrawal', 500.00, '2025-08-17 14:00:00'),
(117, 'Deposit', 1600.00, '2025-08-18 09:00:00'),
(118, 'Withdrawal', 300.00, '2025-08-19 16:20:00'),
(119, 'Deposit', 1700.00, '2025-08-20 11:10:00'),
(120, 'Deposit', 1000.00, '2025-08-21 10:30:00'),
(121, 'Withdrawal', 400.00, '2025-08-22 14:00:00'),
(122, 'Deposit', 1200.00, '2025-08-23 09:45:00'),
(123, 'Deposit', 1500.00, '2025-08-24 11:15:00'),
(124, 'Payment', 1000.00, '2025-08-25 12:00:00'),
(125, 'Payment', 500.00, '2025-08-26 15:30:00'),
(126, 'Deposit', 800.00, '2025-08-27 10:20:00'),
(127, 'Payment', 300.00, '2025-08-28 16:45:00'),
(128, 'Withdrawal', 600.00, '2025-08-29 13:10:00'),
(129, 'Payment', 700.00, '2025-08-30 11:50:00'),
(130, 'Deposit', 1100.00, '2025-08-31 09:30:00'),
(131, 'Payment', 1500.00, '2025-09-01 14:20:00'),
(132, 'Deposit', 900.00, '2025-09-02 10:00:00'),
(133, 'Withdrawal', 200.00, '2025-09-03 15:40:00'),
(134, 'Payment', 600.00, '2025-09-04 12:15:00'),
(135, 'Deposit', 1300.00, '2025-09-05 11:30:00'),
(136, 'Payment', 2000.00, '2025-09-06 16:00:00'),
(137, 'Withdrawal', 400.00, '2025-09-07 13:45:00'),
(138, 'Payment', 500.00, '2025-09-08 10:10:00'),
(139, 'Deposit', 1700.00, '2025-09-09 12:20:00'),
(140, 'Payment', 800.00, '2025-09-10 14:30:00'),
(141, 'Deposit', 1000.00, '2025-09-11 09:15:00'),
(142, 'Withdrawal', 300.00, '2025-09-12 15:50:00'),
(143, 'Payment', 1200.00, '2025-09-13 11:00:00'),
(144, 'Deposit', 1400.00, '2025-09-14 10:45:00'),
(145, 'Payment', 600.00, '2025-09-15 16:20:00'),
(146, 'Withdrawal', 500.00, '2025-09-16 13:30:00'),
(147, 'Deposit', 1600.00, '2025-09-17 09:00:00'),
(148, 'Payment', 1500.00, '2025-09-18 14:15:00'),
(149, 'Deposit', 1100.00, '2025-09-19 12:10:00'),
(150, 'Withdrawal', 700.00, '2025-09-20 15:00:00'),
(200, 'Deposit', 1000.00, '2025-09-21 10:00:00'),
(201, 'Deposit', 1300.00, '2025-09-22 11:45:00'),
(202, 'Payment', 900.00, '2025-09-23 14:30:00'),
(203, 'Withdrawal', 400.00, '2025-09-24 16:00:00'),
(204, 'Deposit', 1200.00, '2025-09-25 09:30:00'),
(205, 'Payment', 600.00, '2025-09-26 12:15:00'),
(206, 'Deposit', 1700.00, '2025-09-27 10:20:00'),
(207, 'Payment', 800.00, '2025-09-28 15:50:00'),
(208, 'Withdrawal', 300.00, '2025-09-29 13:10:00'),
(209, 'Deposit', 1400.00, '2025-09-30 11:00:00'),
(210, 'Payment', 1000.00, '2025-10-01 14:45:00'),
(211, 'Deposit', 1500.00, '2025-10-02 09:15:00'),
(212, 'Payment', 2000.00, '2025-10-03 16:30:00'),
(213, 'Withdrawal', 500.00, '2025-10-04 12:20:00'),
(214, 'Deposit', 1100.00, '2025-10-05 10:10:00'),
(215, 'Payment', 1200.00, '2025-10-06 15:40:00'),
(216, 'Deposit', 1300.00, '2025-10-07 11:30:00'),
(217, 'Payment', 700.00, '2025-10-08 14:00:00'),
(218, 'Withdrawal', 600.00, '2025-10-09 16:15:00'),
(219, 'Deposit', 1600.00, '2025-10-10 09:45:00'),
(220, 'Payment', 500.00, '2025-10-11 12:50:00'),
(221, 'Deposit', 1700.00, '2025-10-12 10:30:00'),
(222, 'Payment', 800.00, '2025-10-13 15:20:00'),
(223, 'Withdrawal', 400.00, '2025-10-14 13:00:00'),
(224, 'Deposit', 1400.00, '2025-10-15 11:10:00'),
(225, 'Payment', 1500.00, '2025-10-16 16:40:00'),
(226, 'Deposit', 1200.00, '2025-10-17 09:30:00'),
(227, 'Payment', 600.00, '2025-10-18 14:15:00'),
(228, 'Withdrawal', 700.00, '2025-10-19 12:45:00'),
(229, 'Deposit', 1100.00, '2025-10-20 10:00:00'),
(230, 'Payment', 900.00, '2025-10-21 15:50:00'),
(231, 'Deposit', 1300.00, '2025-10-22 11:20:00'),
(232, 'Payment', 500.00, '2025-10-23 16:30:00'),
(233, 'Withdrawal', 300.00, '2025-10-24 13:15:00'),
(234, 'Deposit', 1400.00, '2025-10-25 09:45:00'),
(235, 'Payment', 1000.00, '2025-10-26 14:00:00'),
(236, 'Deposit', 1700.00, '2025-10-27 10:30:00'),
(237, 'Payment', 600.00, '2025-10-28 15:40:00'),
(238, 'Withdrawal', 400.00, '2025-10-29 12:10:00'),
(239, 'Deposit', 1200.00, '2025-10-30 11:00:00'),
(240, 'Payment', 2000.00, '2025-10-31 16:20:00'),
(241, 'Deposit', 1500.00, '2025-11-01 09:15:00'),
(242, 'Payment', 1100.00, '2025-11-02 14:45:00'),
(243, 'Withdrawal', 500.00, '2025-11-03 12:30:00'),
(244, 'Deposit', 1300.00, '2025-11-04 10:10:00'),
(245, 'Payment', 700.00, '2025-11-05 15:50:00'),
(246, 'Deposit', 1400.00, '2025-11-06 11:20:00'),
(247, 'Payment', 800.00, '2025-11-07 16:00:00'),
(248, 'Withdrawal', 600.00, '2025-11-08 13:45:00'),
(249, 'Deposit', 1600.00, '2025-11-09 09:30:00'),
(250, 'Payment', 900.00, '2025-11-10 14:15:00'),
(251, 'Deposit', 1700.00, '2025-11-11 10:45:00'),
(252, 'Payment', 1500.00, '2025-11-12 16:30:00'),
(253, 'Withdrawal', 400.00, '2025-11-13 12:00:00'),
(254, 'Deposit', 1100.00, '2025-11-14 11:10:00'),
(255, 'Payment', 1200.00, '2025-11-15 15:40:00'),
(256, 'Deposit', 1300.00, '2025-11-16 09:20:00'),
(257, 'Payment', 600.00, '2025-11-17 14:50:00'),
(258, 'Withdrawal', 700.00, '2025-11-18 12:15:00'),
(259, 'Deposit', 1400.00, '2025-11-19 10:30:00'),
(260, 'Payment', 500.00, '2025-11-20 16:20:00'),
(261, 'Deposit', 1500.00, '2025-11-21 09:45:00'),
(262, 'Payment', 800.00, '2025-11-22 14:00:00'),
(263, 'Withdrawal', 300.00, '2025-11-23 12:50:00'),
(264, 'Deposit', 1200.00, '2025-11-24 11:00:00'),
(265, 'Payment', 2000.00, '2025-11-25 15:30:00'),
(266, 'Deposit', 1700.00, '2025-11-26 10:15:00'),
(267, 'Payment', 600.00, '2025-11-27 16:40:00'),
(268, 'Withdrawal', 400.00, '2025-11-28 12:20:00'),
(269, 'Deposit', 1300.00, '2025-11-29 09:30:00'),
(270, 'Payment', 900.00, '2025-11-30 14:45:00'),
(271, 'Deposit', 1100.00, '2025-12-01 10:00:00'),
(272, 'Payment', 500.00, '2025-12-02 15:50:00'),
(273, 'Withdrawal', 600.00, '2025-12-03 12:30:00'),
(274, 'Deposit', 1400.00, '2025-12-04 11:15:00'),
(275, 'Payment', 700.00, '2025-12-05 16:00:00'),
(276, 'Deposit', 1500.00, '2025-12-06 09:45:00'),
(277, 'Payment', 800.00, '2025-12-07 14:20:00'),
(278, 'Withdrawal', 400.00, '2025-12-08 12:10:00'),
(279, 'Deposit', 1200.00, '2025-12-09 10:30:00'),
(280, 'Payment', 2000.00, '2025-12-10 15:40:00'),
(281, 'Deposit', 1300.00, '2025-12-11 11:00:00'),
(282, 'Payment', 1100.00, '2025-12-12 16:15:00'),
(283, 'Withdrawal', 500.00, '2025-12-13 12:45:00'),
(284, 'Deposit', 1400.00, '2025-12-14 09:30:00'),
(285, 'Payment', 600.00, '2025-12-15 14:50:00'),
(286, 'Deposit', 1700.00, '2025-12-16 10:20:00'),
(287, 'Payment', 700.00, '2025-12-17 15:30:00'),
(288, 'Withdrawal', 300.00, '2025-12-18 12:00:00'),
(289, 'Deposit', 1500.00, '2025-12-19 11:10:00'),
(290, 'Payment', 900.00, '2025-12-20 16:40:00'),
(291, 'Deposit', 1200.00, '2025-12-21 09:45:00'),
(292, 'Payment', 1500.00, '2025-12-22 14:15:00'),
(293, 'Withdrawal', 400.00, '2025-12-23 12:30:00'),
(294, 'Deposit', 1300.00, '2025-12-24 10:00:00'),
(295, 'Payment', 1100.00, '2025-12-25 15:50:00'),
(296, 'Deposit', 1400.00, '2025-12-26 11:20:00'),
(297, 'Payment', 600.00, '2025-12-27 16:00:00'),
(298, 'Withdrawal', 500.00, '2025-12-28 12:45:00'),
(299, 'Deposit', 1700.00, '2025-12-29 09:30:00'),
(300, 'Payment', 700.00, '2025-12-30 14:30:00');

-- Inserting 100 sample beneficiaries
INSERT INTO Beneficiary (BeneficiaryID, CustomerID, AccountNumber, BankName) VALUES
(201, 142, '0712345678', 'Bank of America'),
(202, 37, '0812345679', 'JPMorgan Chase'),
(203, 95, '0912345680', 'Wells Fargo'),
(204, 12, '1012345681', 'Citibank'),
(205, 83, '1112345682', 'U.S. Bank'),
(206, 64, '1212345683', 'Citibank'),
(207, 121, '1312345684', 'Capital One'),
(208, 29, '1412345685', 'Capital One'),
(209, 108, '1512345686', 'Bank of America'),
(210, 76, '1612345687', 'Capital One'),
(211, 45, '1712345688', 'Capital One'),
(212, 134, '1812345689', 'Citibank'),
(213, 19, '1912345690', 'JPMorgan Chase'),
(214, 87, '2012345691', 'Bank of America'),
(215, 56, '2112345692', 'Discover Bank'),
(216, 102, '2212345693', 'Synchrony Bank'),
(217, 33, '2312345694', 'BBVA USA'),
(218, 145, '2412345695', 'Comerica Bank'),
(219, 71, '2512345696', 'Frost Bank'),
(220, 8, '2612345697', 'Wells Fargo'),
(221, 116, '2712345698', 'Bank of America'),
(222, 27, '2812345699', 'JPMorgan Chase'),
(223, 94, '2912345700', 'Wells Fargo'),
(224, 62, '3012345701', 'Citibank');
